Workbook

Sheet Plan de tests Lot 1
A1: Plan de tests – Lot 1 – Projet Skull M1S1
A3: ID | B3: Domaine | C3: Scénario (ce que je fais) | D3: Requête (à adapter) | E3: Résultat attendu | F3: Code HTTP attendu | G3: Résultat obtenu | H3: Code HTTP obtenu | I3: Statut | J3: Testeur | K3: Date | L3: Remarques / n° issue
A4: T01 | B4: Inscription | C4: Inscription avec email et mot de passe valides | D4: POST /api/v1/players/register {email, password} | E4: Compte créé ; le mot de passe n'apparaît pas dans la réponse | F4: 201 | G4: Compte créé : id 2, pseudo, email, banned false. Mot de passe absent de la réponse. | H4: 201 | I4: OK | J4: Rania | K4: 46321 | L4: capture : T01_inscription_valide_201.png
A5: T02 | B5: Inscription | C5: Inscription avec un email déjà utilisé | D5: POST /api/v1/players/register (même email) | E5: Message « email déjà utilisé » | F5: 409 | G5: « Cet email est déjà utilisé » | H5: 409 | I5: OK | J5: Rania | K5: 46321 | L5: T02_email_deja_utilise_409.png
A6: T03 | B6: Inscription | C6: Inscription avec un email invalide (ex : abc) | D6: POST /api/v1/players/register {email:'abc'} | E6: Erreur de validation | F6: 400 | G6: invalidParams : email = « Format invalide | H6: 400 | I6: OK | J6: Rania | K6: 46321 | L6: capture : T03_email_invalide_400.png
A7: T04 | B7: Inscription | C7: Inscription sans mot de passe | D7: POST /api/v1/players/register {email} | E7: Erreur de validation | F7: 400 | G7: invalidParams : password = « Mot de passe obligatoire » | H7: 400 | I7: OK | J7: Rania | K7: 46321 | L7: capture : T04_mot_de_passe_manquant_400.png
A8: T05 | B8: Inscription | C8: Inscription avec corps vide | D8: POST /api/v1/players/register {} | E8: Erreur de validation | F8: 400 | G8: invalidParams : password, pseudo et email signalés | H8: 400 | I8: OK | J8: Rania | K8: 46321 | L8: capture : T05_corps_vide_400.png
A9: T06 | B9: Connexion | C9: Connexion avec identifiants corrects | D9: POST /api/v1/auth/login {email, password} | E9: Un token JWT est renvoyé | F9: 200 | G9: Token JWT renvoyé, id 2, rôle USER | H9: 200 | I9: OK | J9: Rania | K9: 46321 | L9: capture : T06_connexion_ok_200.png
A10: T07 | B10: Connexion | C10: Connexion avec mauvais mot de passe | D10: POST /api/v1/auth/login (mauvais mdp) | E10: « Email ou mot de passe incorrect », pas de token | F10: 401 | G10: « Email ou mot de passe incorrect », pas de token | H10: 401 | I10: OK | J10: Rania | K10: 46321 | L10: capture : T07_mauvais_mdp_401.png
A11: T08 | B11: Connexion | C11: Connexion avec un email inconnu | D11: POST /api/v1/auth/login (email inexistant) | E11: « Email ou mot de passe incorrect », pas de token | F11: 401 | G11: « Email ou mot de passe incorrect », même message que T07, pas de token | H11: 401 | I11: OK | J11: Rania | K11: 46321 | L11: capture : T08_email_inconnu_401.png
A12: T09 | B12: Connexion | C12: Connexion avec corps vide | D12: POST /api/v1/auth/login {} | E12: Erreur de validation | F12: 400 | G12: invalidParams : password et email signalés | H12: 400 | I12: OK | J12: Rania | K12: 46321 | L12: capture : T09_login_corps_vide_400.png
A13: T10 | B13: Sécurité JWT | C13: Lire un compte sans token | D13: GET /api/v1/players/{id} (sans en-tête Authorization) | E13: Accès refusé | F13: 401 | G13: accès refusé sans token, réponse sans contenu | H13: 401 | I13: OK | J13: Rania | K13: 46321 | L13: capture : T10_sans_token_401.png
A14: T11 | B14: Sécurité JWT | C14: Lire un compte avec un token invalide | D14: GET /api/v1/players/{id} (Bearer abc123) | E14: Accès refusé | F14: 401 | G14: accès refusé avec un faux token, réponse sans contenu | H14: 401 | I14: OK | J14: Rania | K14: 46321 | L14: capture : T11_token_invalide_401.png
A15: T12 | B15: Sécurité JWT | C15: Lire son propre compte avec un token valide | D15: GET /api/v1/players/{id} (Bearer <token>, son id) | E15: Infos du joueur, sans mot de passe | F15: 200 | G15: infos du compte id 2, sans mot de passe | H15: 200 | I15: OK | J15: Rania | K15: 46321 | L15: capture : T12_compte_avec_token_200.png
... A36: T33 | B36: Bannissement | C36: Bannir un joueur inexistant | D36: PUT /api/v1/players/99999/ban?banned=true (token admin) | E36: Erreur « joueur introuvable » | F36: 404 | G36: « Joueur non trouvé », pas d'erreur interne | H36: 404 | I36: OK | J36: Rania | K36: 46321 | L36: capture : T33_bannir_inexistant_404.png. Token admin
A37: T34 | B37: Infra | C37: Les 4 services répondent | D37: GET http://localhost:8081 à 8084 /ping | E37: Réponse OK sur chaque service | F37: 200 | G37: Les 4 services répondent OK (ports 8081 à 8084) | H37: 200 | I37: OK | J37: Rania | K37: 46321
A38: T35 | B38: Infra | C38: Les données persistent après redémarrage | D38: docker compose down puis up, puis login | E38: Le compte existe toujours | F38: 200 | G38: Après docker compose down puis up (sans -v), connexion de rania_test réussie, pseudo rania_modifie conservé | H38: 200 | I38: OK | J38: Rania | K38: 46321 | L38: Ne pas utiliser « down -v » (efface la base) capture : T35_persistance_apres_redemarrage_200.png

Sheet Synthèse
A1: Synthèse des tests – Lot 1
A3: Statut | B3: Nombre | C3: Part
A4: OK | B4: {=COUNTIF('Plan de tests Lot 1'!$I$4:$I$38,A4)} -> 32 | C4: {=_xlfn.IFERROR(B4/$B$8,0)} -> 0.91428571
A5: KO | B5: {=COUNTIF('Plan de tests Lot 1'!$I$4:$I$38,A5)} -> 3 | C5: {=_xlfn.IFERROR(B5/$B$8,0)} -> 0.085714286
A6: Bloqué | B6: {=COUNTIF('Plan de tests Lot 1'!$I$4:$I$38,A6)} -> 0 | C6: {=_xlfn.IFERROR(B6/$B$8,0)} -> 0
A7: À faire | B7: {=COUNTIF('Plan de tests Lot 1'!$I$4:$I$38,A7)} -> 0 | C7: {=_xlfn.IFERROR(B7/$B$8,0)} -> 0
A8: Total | B8: {=SUM(B4:B7)} -> 35 | C8: {=SUM(C4:C7)} -> 1
A10: Par domaine
A11: Domaine | B11: Total | C11: OK | D11: KO
A12: Inscription | B12: {=COUNTIF('Plan de tests Lot 1'!$B$4:$B$38,A12)} -> 5 | C12: {=_xlfn.COUNTIFS('Plan de tests Lot 1'!$B$4:$B$38,A12,'Plan de tests Lot 1'!$I$4:$I$38,"OK")} -> 5 | D12: {=_xlfn.COUNTIFS('Plan de tests Lot 1'!$B$4:$B$38,A12,'Plan de tests Lot 1'!$I$4:$I$38,"KO")} -> 0
A13: Connexion | B13: {=COUNTIF('Plan de tests Lot 1'!$B$4:$B$38,A13)} -> 4 | C13: {=_xlfn.COUNTIFS('Plan de tests Lot 1'!$B$4:$B$38,A13,'Plan de tests Lot 1'!$I$4:$I$38,"OK")} -> 4 | D13: {=_xlfn.COUNTIFS('Plan de tests Lot 1'!$B$4:$B$38,A13,'Plan de tests Lot 1'!$I$4:$I$38,"KO")} -> 0
A14: Sécurité JWT | B14: {=COUNTIF('Plan de tests Lot 1'!$B$4:$B$38,A14)} -> 5 | C14: {=_xlfn.COUNTIFS('Plan de tests Lot 1'!$B$4:$B$38,A14,'Plan de tests Lot 1'!$I$4:$I$38,"OK")} -> 5 | D14: {=_xlfn.COUNTIFS('Plan de tests Lot 1'!$B$4:$B$38,A14,'Plan de tests Lot 1'!$I$4:$I$38,"KO")} -> 0
A15: Permissions | B15: {=COUNTIF('Plan de tests Lot 1'!$B$4:$B$38,A15)} -> 9 | C15: {=_xlfn.COUNTIFS('Plan de tests Lot 1'!$B$4:$B$38,A15,'Plan de tests Lot 1'!$I$4:$I$38,"OK")} -> 8 | D15: {=_xlfn.COUNTIFS('Plan de tests Lot 1'!$B$4:$B$38,A15,'Plan de tests Lot 1'!$I$4:$I$38,"KO")} -> 1
A16: Admin | B16: {=COUNTIF('Plan de tests Lot 1'!$B$4:$B$38,A16)} -> 2 | C16: {=_xlfn.COUNTIFS('Plan de tests Lot 1'!$B$4:$B$38,A16,'Plan de tests Lot 1'!$I$4:$I$38,"OK")} -> 2 | D16: {=_xlfn.COUNTIFS('Plan de tests Lot 1'!$B$4:$B$38,A16,'Plan de tests Lot 1'!$I$4:$I$38,"KO")} -> 0
A17: Bannissement | B17: {=COUNTIF('Plan de tests Lot 1'!$B$4:$B$38,A17)} -> 8 | C17: {=_xlfn.COUNTIFS('Plan de tests Lot 1'!$B$4:$B$38,A17,'Plan de tests Lot 1'!$I$4:$I$38,"OK")} -> 6 | D17: {=_xlfn.COUNTIFS('Plan de tests Lot 1'!$B$4:$B$38,A17,'Plan de tests Lot 1'!$I$4:$I$38,"KO")} -> 2
A18: Infra | B18: {=COUNTIF('Plan de tests Lot 1'!$B$4:$B$38,A18)} -> 2 | C18: {=_xlfn.COUNTIFS('Plan de tests Lot 1'!$B$4:$B$38,A18,'Plan de tests Lot 1'!$I$4:$I$38,"OK")} -> 2 | D18: {=_xlfn.COUNTIFS('Plan de tests Lot 1'!$B$4:$B$38,A18,'Plan de tests Lot 1'!$I$4:$I$38,"KO")} -> 0

Sheet Anomalies
A1: N° | B1: Test concerné | C1: Description du bug | D1: Gravité | E1: Service / responsable | F1: Lien issue GitHub | G1: Statut | H1: Date détection | I1: Date correction
A3: A01 | B3: T03/ T04/T05/T09 | C3: Le titre de l'erreur de validation contient une faute : « Erruer » au lieu de « Erreur » | D3: Faible | E3: PlayerService / Maxime | F3: https://github.com/Rayanxdn/Skull_Game_M1S1/issues/14 | G3: Ouvert | H3: 46321
A4: A02 | B4: T20 | C4: GET /api/v1/players avec un token joueur valide renvoie 401 au lieu de 403. Le même token donne 200 sur GET /players/2. | D4: Moyenne | E4: PlayerService (sécurité, à confirmer) | F4: https://github.com/Rayanxdn/Skull_Game_M1S1/issues/15 | G4: Ouvert | H4: 46321
A5: A03 | B5: T27 | C5: Même comportement de T20 sur PUT /players/{id}/ban avec un token joueur valide.même comportement que A02 | D5: Moyenne | E5: PlayerService (sécurité, à confirmer) | F5: https://github.com/Rayanxdn/Skull_Game_M1S1/issues/16 | G5: Ouvert | H5: 46321
A6: A04 | B6: T30 | C6: Un joueur banni utilisant un token valide reçoit 401 au lieu de 403.même comportement que A02 | D6: Moyenne | E6: PlayerService (sécurité, à confirmer) | F6: https://github.com/Rayanxdn/Skull_Game_M1S1/issues/18 | G6: Ouvert | H6: 46321
