Workbook

Sheet Légende
A1: Comment utiliser ce fichier
A3: 1. Onglet « Plan de tests Lot 1 » : les colonnes jaunes sont à remplir (résultat obtenu, code HTTP obtenu, statut, testeur, date, remarques).
A4: 2. Colonne Statut : choisir dans la liste → À faire / OK / KO / Bloqué. OK = obtenu identique à attendu.
A5: 3. Si un test est KO : le décrire dans l'onglet « Anomalies » et ouvrir une issue GitHub (mettre le lien).
A6: 4. L'onglet « Synthèse » se calcule tout seul, ne rien écrire dedans.
A8: Hypothèses à vérifier
A9: Les chemins viennent du vrai code (AuthController et PlayerController, branche develop du 15/10). Les endpoints du Membre 5 et la sécurité de Rayane ne sont pas encore tous visibles : à revérifier après chaque merge.
A10: Codes attendus : 401 et 403 pour la connexion sont confirmés dans le code. Les autres sont les usages REST classiques ; les lignes marquées ⚠ en remarques sont des points suspects à tester en priorité.
A11: Si un test ne peut pas être fait car une fonctionnalité n'est pas encore mergée, mettre le statut « Bloqué » et noter pourquoi.
A13: Exemple de ligne remplie (ligne T02)
A14: Résultat obtenu : « message : email déjà utilisé » | Code obtenu : 409 | Statut : OK | Testeur : (ton prénom) | Date : 20/10/2026
A16: Codes à retenir : 401 = non connecté · 403 = connecté mais pas le droit · 409 = conflit (email déjà pris) · 400 = données invalides · 404 = introuvable

Sheet Plan de tests Lot 1
A1: Plan de tests – Lot 1 – Projet Skull M1S1
A3: ID | B3: Domaine | C3: Scénario (ce que je fais) | D3: Requête (à adapter) | E3: Résultat attendu | F3: Code HTTP attendu | G3: Résultat obtenu | H3: Code HTTP obtenu | I3: Statut | J3: Testeur | K3: Date | L3: Remarques / n° issue
A4: T01 | B4: Inscription | C4: Inscription avec email et mot de passe valides | D4: POST /api/v1/players/register {email, password} | E4: Compte créé ; le mot de passe n'apparaît pas dans la réponse | F4: 201 | I4: À faire
A5: T02 | B5: Inscription | C5: Inscription avec un email déjà utilisé | D5: POST /api/v1/players/register (même email) | E5: Message « email déjà utilisé » | F5: 409 | I5: À faire | L5: Rayane a demandé ce 409 en relecture le 14/10
A6: T03 | B6: Inscription | C6: Inscription avec un email invalide (ex : abc) | D6: POST /api/v1/players/register {email:'abc'} | E6: Erreur de validation | F6: 400 | I6: À faire
A7: T04 | B7: Inscription | C7: Inscription sans mot de passe | D7: POST /api/v1/players/register {email} | E7: Erreur de validation | F7: 400 | I7: À faire
A8: T05 | B8: Inscription | C8: Inscription avec corps vide | D8: POST /api/v1/players/register {} | E8: Erreur de validation | F8: 400 | I8: À faire
A9: T06 | B9: Connexion | C9: Connexion avec identifiants corrects | D9: POST /api/v1/auth/login {email, password} | E9: Un token JWT est renvoyé | F9: 200 | I9: À faire | L9: Garder le token pour les tests suivants
A10: T07 | B10: Connexion | C10: Connexion avec mauvais mot de passe | D10: POST /api/v1/auth/login (mauvais mdp) | E10: « Email ou mot de passe incorrect », pas de token | F10: 401 | I10: À faire | L10: Code confirmé dans AuthController
A11: T08 | B11: Connexion | C11: Connexion avec un email inconnu | D11: POST /api/v1/auth/login (email inexistant) | E11: « Email ou mot de passe incorrect », pas de token | F11: 401 | I11: À faire
A12: T09 | B12: Connexion | C12: Connexion avec corps vide | D12: POST /api/v1/auth/login {} | E12: Erreur de validation | F12: 400 | I12: À faire
A13: T10 | B13: Sécurité JWT | C13: Lire un compte sans token | D13: GET /api/v1/players/{id} (sans en-tête Authorization) | E13: Accès refusé | F13: 401 | I13: À faire
A14: T11 | B14: Sécurité JWT | C14: Lire un compte avec un token invalide | D14: GET /api/v1/players/{id} (Bearer abc123) | E14: Accès refusé | F14: 401 | I14: À faire
A15: T12 | B15: Sécurité JWT | C15: Lire son propre compte avec un token valide | D15: GET /api/v1/players/{id} (Bearer <token>, son id) | E15: Infos du joueur, sans mot de passe | F15: 200 | I15: À faire
A16: T13 | B16: Sécurité JWT | C16: Lire un compte avec un token expiré | D16: GET /api/v1/players/{id} (token expiré) | E16: Accès refusé | F16: 401 | I16: À faire | L16: Demander la durée de vie du token à Rayane
A17: T14 | B17: Sécurité JWT | C17: Lister tous les joueurs sans token | D17: GET /api/v1/players | E17: Accès refusé | F17: 401 | I17: À faire | L17: ⚠ Pas de @PreAuthorize sur cet endpoint dans le code : si 200, c'est une anomalie
A18: T15 | B18: Permissions | C18: Un joueur lit le compte d'un autre joueur | D18: GET /api/v1/players/{id autre} (token joueur) | E18: Accès interdit | F18: 403 | I18: À faire | L18: Protégé par @PreAuthorize (admin ou propriétaire)
A19: T16 | B19: Permissions | C19: Un joueur modifie le compte d'un autre joueur | D19: PUT /api/v1/players/{id autre} (token joueur) | E19: Accès interdit | F19: 403 | I19: À faire
A20: T17 | B20: Permissions | C20: Un joueur supprime le compte d'un autre joueur | D20: DELETE /api/v1/players/{id autre} (token joueur) | E20: Accès interdit | F20: 403 | I20: À faire
A21: T18 | B21: Permissions | C21: Un joueur modifie son propre compte | D21: PUT /api/v1/players/{son id} (token joueur) | E21: Compte mis à jour | F21: 200 | I21: À faire
A22: T19 | B22: Permissions | C22: Modifier son email vers un email déjà pris | D22: PUT /api/v1/players/{son id} {email d'un autre} | E22: Message propre « email déjà utilisé » | F22: 409 | I22: À faire | L22: Pas d'erreur SQL brute (point relevé par Rayane)
A23: T20 | B23: Permissions | C23: Un joueur normal liste tous les joueurs | D23: GET /api/v1/players (token joueur) | E23: Accès interdit (réservé à l'admin) | F23: 403 | I23: À faire | L23: ⚠ Pas de @PreAuthorize dans le code : à confirmer avec Rayane et Membre 5
A24: T21 | B24: Permissions | C24: L'admin lit le compte d'un autre joueur | D24: GET /api/v1/players/{id} (token admin) | E24: Infos du joueur | F24: 200 | I24: À faire
A25: T22 | B25: Permissions | C25: Un joueur supprime son propre compte | D25: DELETE /api/v1/players/{son id} (token joueur) | E25: Compte supprimé | F25: 204 | I25: À faire
A26: T23 | B26: Permissions | C26: Supprimer un joueur inexistant | D26: DELETE /api/v1/players/99999 (token admin) | E26: « Joueur non trouvé » | F26: 404 | I26: À faire
A27: T24 | B27: Admin | C27: Le compte admin existe au premier démarrage | D27: POST /api/v1/auth/login (compte admin) | E27: Connexion admin réussie | F27: 200 | I27: À faire | L27: Demander les identifiants admin à Rayane (Membre 3)
A28: T25 | B28: Admin | C28: L'admin liste les joueurs | D28: GET /api/v1/players (token admin) | E28: Liste des joueurs | F28: 200 | I28: À faire
A29: T26 | B29: Bannissement | C29: L'admin bannit un joueur | D29: PUT /api/v1/players/{id}/ban?banned=true (token admin) | E29: Joueur marqué comme banni | F29: 200 | I29: À faire | L29: Un seul endpoint pour bannir et débannir (paramètre banned)
A30: T27 | B30: Bannissement | C30: Un joueur normal tente de bannir quelqu'un | D30: PUT /api/v1/players/{id}/ban?banned=true (token joueur) | E30: Accès interdit | F30: 403 | I30: À faire | L30: ⚠ Pas de @PreAuthorize dans le code malgré le commentaire « admin uniquement » : test prioritaire
A31: T28 | B31: Bannissement | C31: Bannir sans être connecté | D31: PUT /api/v1/players/{id}/ban?banned=true (sans token) | E31: Accès refusé | F31: 401 | I31: À faire | L31: ⚠ Test prioritaire (même raison)
A32: T29 | B32: Bannissement | C32: Un joueur banni tente de se connecter | D32: POST /api/v1/auth/login (compte banni) | E32: « Ce compte a été banni » | F32: 403 | I32: À faire | L32: Code confirmé dans AuthController
A33: T30 | B33: Bannissement | C33: Un joueur banni réutilise un ancien token | D33: GET /api/v1/players/{son id} (token d'avant le ban) | E33: Accès refusé | F33: 403 | I33: À faire | L33: Comportement non visible dans le code : à confirmer avec Rayane / Membre 5
A34: T31 | B34: Bannissement | C34: L'admin débannit un joueur | D34: PUT /api/v1/players/{id}/ban?banned=false (token admin) | E34: Joueur de nouveau actif | F34: 200 | I34: À faire
A35: T32 | B35: Bannissement | C35: Le joueur débanni peut se reconnecter | D35: POST /api/v1/auth/login (compte débanni) | E35: Connexion réussie | F35: 200 | I35: À faire
A36: T33 | B36: Bannissement | C36: Bannir un joueur inexistant | D36: PUT /api/v1/players/99999/ban?banned=true (token admin) | E36: Erreur « joueur introuvable » | F36: 404 | I36: À faire
A37: T34 | B37: Infra | C37: Les 4 services répondent | D37: GET http://localhost:8081 à 8084 /ping | E37: Réponse OK sur chaque service | F37: 200 | I37: À faire
A38: T35 | B38: Infra | C38: Les données persistent après redémarrage | D38: docker compose down puis up, puis login | E38: Le compte existe toujours | F38: 200 | I38: À faire | L38: Ne pas utiliser « down -v » (efface la base)

Sheet Synthèse
A1: Synthèse des tests – Lot 1
A3: Statut | B3: Nombre | C3: Part
A4: OK | B4: =COUNTIF('Plan de tests Lot 1'!$I$4:$I$38,A4) -> 0 | C4: =IFERROR(B4/$B$8,0) -> 0
A5: KO | B5: =COUNTIF('Plan de tests Lot 1'!$I$4:$I$38,A5) -> 0 | C5: =IFERROR(B5/$B$8,0) -> 0
A6: Bloqué | B6: =COUNTIF('Plan de tests Lot 1'!$I$4:$I$38,A6) -> 0 | C6: =IFERROR(B6/$B$8,0) -> 0
A7: À faire | B7: =COUNTIF('Plan de tests Lot 1'!$I$4:$I$38,A7) -> 35 | C7: =IFERROR(B7/$B$8,0) -> 1
A8: Total | B8: =SUM(B4:B7) -> 35 | C8: =SUM(C4:C7) -> 1
A10: Par domaine
A11: Domaine | B11: Total | C11: OK | D11: KO
A12: Inscription | B12: =COUNTIF('Plan de tests Lot 1'!$B$4:$B$38,A12) -> 5 | C12: =COUNTIFS('Plan de tests Lot 1'!$B$4:$B$38,A12,'Plan de tests Lot 1'!$I$4:$I$38,"OK") -> 0 | D12: =COUNTIFS('Plan de tests Lot 1'!$B$4:$B$38,A12,'Plan de tests Lot 1'!$I$4:$I$38,"KO") -> 0
A13: Connexion | B13: =COUNTIF('Plan de tests Lot 1'!$B$4:$B$38,A13) -> 4 | C13: =COUNTIFS('Plan de tests Lot 1'!$B$4:$B$38,A13,'Plan de tests Lot 1'!$I$4:$I$38,"OK") -> 0 | D13: =COUNTIFS('Plan de tests Lot 1'!$B$4:$B$38,A13,'Plan de tests Lot 1'!$I$4:$I$38,"KO") -> 0
A14: Sécurité JWT | B14: =COUNTIF('Plan de tests Lot 1'!$B$4:$B$38,A14) -> 5 | C14: =COUNTIFS('Plan de tests Lot 1'!$B$4:$B$38,A14,'Plan de tests Lot 1'!$I$4:$I$38,"OK") -> 0 | D14: =COUNTIFS('Plan de tests Lot 1'!$B$4:$B$38,A14,'Plan de tests Lot 1'!$I$4:$I$38,"KO") -> 0
A15: Permissions | B15: =COUNTIF('Plan de tests Lot 1'!$B$4:$B$38,A15) -> 9 | C15: =COUNTIFS('Plan de tests Lot 1'!$B$4:$B$38,A15,'Plan de tests Lot 1'!$I$4:$I$38,"OK") -> 0 | D15: =COUNTIFS('Plan de tests Lot 1'!$B$4:$B$38,A15,'Plan de tests Lot 1'!$I$4:$I$38,"KO") -> 0
A16: Admin | B16: =COUNTIF('Plan de tests Lot 1'!$B$4:$B$38,A16) -> 2 | C16: =COUNTIFS('Plan de tests Lot 1'!$B$4:$B$38,A16,'Plan de tests Lot 1'!$I$4:$I$38,"OK") -> 0 | D16: =COUNTIFS('Plan de tests Lot 1'!$B$4:$B$38,A16,'Plan de tests Lot 1'!$I$4:$I$38,"KO") -> 0
A17: Bannissement | B17: =COUNTIF('Plan de tests Lot 1'!$B$4:$B$38,A17) -> 8 | C17: =COUNTIFS('Plan de tests Lot 1'!$B$4:$B$38,A17,'Plan de tests Lot 1'!$I$4:$I$38,"OK") -> 0 | D17: =COUNTIFS('Plan de tests Lot 1'!$B$4:$B$38,A17,'Plan de tests Lot 1'!$I$4:$I$38,"KO") -> 0
A18: Infra | B18: =COUNTIF('Plan de tests Lot 1'!$B$4:$B$38,A18) -> 2 | C18: =COUNTIFS('Plan de tests Lot 1'!$B$4:$B$38,A18,'Plan de tests Lot 1'!$I$4:$I$38,"OK") -> 0 | D18: =COUNTIFS('Plan de tests Lot 1'!$B$4:$B$38,A18,'Plan de tests Lot 1'!$I$4:$I$38,"KO") -> 0

Sheet Anomalies
A1: N° | B1: Test concerné | C1: Description du bug | D1: Gravité | E1: Service / responsable | F1: Lien issue GitHub | G1: Statut | H1: Date détection | I1: Date correction
A2: A01 | B2: T02 | C2: Exemple : l'inscription avec un email déjà pris renvoie 404 au lieu de 409 | D2: Moyenne | E2: PlayerService / Maxime | F2: https://github.com/Rayanxdn/Skull_Game_M1S1/issues/1 | G2: Corrigé | H2: 14/10/2026 | I2: 14/10/2026
